,Fd,Lw,Pl,Py,Sx
Fd,1,0.296259667,-0.056110892,0.23497023,-0.01155562
Lw,0.296259667,1,-0.047268561,0.158351456,0.004991722
Pl,-0.056110892,-0.047268561,1,-0.261037954,0.154331063
Py,0.23497023,0.158351456,-0.261037954,1,-0.248883991
Sx,-0.01155562,0.004991722,0.154331063,-0.248883991,1
